<?xml version="1.0" encoding="UTF-8"?>
<project-private xmlns="http://www.netbeans.org/ns/project-private/1">
    <editor-bookmarks xmlns="http://www.netbeans.org/ns/editor-bookmarks/2" lastBookmarkId="0"/>
    <open-files xmlns="http://www.netbeans.org/ns/projectui-open-files/2">
        <group>
            <file>file:/C:/Users/Ales/Downloads/Projet-S5-master/Client/src/Interne/Message.java</file>
            <file>file:/C:/Users/Ales/Downloads/Projet-S5-master/Client/src/Interne/Connect.java</file>
            <file>file:/C:/Users/Ales/Downloads/Projet-S5-master/Client/src/Interne/Personne.java</file>
            <file>file:/C:/Users/Ales/Downloads/Projet-S5-master/Client/src/Interface/Client.java</file>
            <file>file:/C:/Users/Ales/Downloads/Projet-S5-master/Client/src/Interface/ClientMenu.java</file>
            <file>file:/C:/Users/Ales/Downloads/Projet-S5-master/Client/src/Interne/Ticket.java</file>
            <file>file:/C:/Users/Ales/Downloads/Projet-S5-master/Client/src/Interface/CreationTicket.java</file>
            <file>file:/C:/Users/Ales/Downloads/Projet-S5-master/Client/src/Interface/Inscription.java</file>
            <file>file:/C:/Users/Ales/Downloads/Projet-S5-master/Client/src/Interne/BaseDeDonnee.java</file>
        </group>
    </open-files>
</project-private>
