<?xml version="1.0" encoding="UTF-8"?>
<project-private xmlns="http://www.netbeans.org/ns/project-private/1">
    <editor-bookmarks xmlns="http://www.netbeans.org/ns/editor-bookmarks/2" lastBookmarkId="0"/>
    <open-files xmlns="http://www.netbeans.org/ns/projectui-open-files/2">
        <group>
            <file>file:/C:/Users/User/Desktop/Travail/Projet%20S5/Projet/src/Status.java</file>
            <file>file:/C:/Users/User/Desktop/Travail/Projet%20S5/Projet/src/Serveur.java</file>
            <file>file:/C:/Users/User/Desktop/Travail/Projet%20S5/Projet/src/Client.java</file>
            <file>file:/C:/Users/User/Desktop/Travail/Projet%20S5/Projet/src/ServeurAdd.java</file>
            <file>file:/C:/Users/User/Desktop/Travail/Projet%20S5/Projet/src/Inscription.java</file>
            <file>file:/C:/Users/User/Desktop/Travail/Projet%20S5/Projet/src/Message.java</file>
            <file>file:/C:/Users/User/Desktop/Travail/Projet%20S5/Projet/src/CreationTicket.java</file>
            <file>file:/C:/Users/User/Desktop/Travail/Projet%20S5/Projet/src/Personne.java</file>
            <file>file:/C:/Users/User/Desktop/Travail/Projet%20S5/Projet/src/ClientMenu.java</file>
            <file>file:/C:/Users/User/Desktop/Travail/Projet%20S5/Projet/src/GroupePersonne.java</file>
            <file>file:/C:/Users/User/Desktop/Travail/Projet%20S5/Projet/src/Connect.java</file>
        </group>
    </open-files>
</project-private>
